{
    "logistic_regression": {
        "accuracy": 0.9635036496350365,
        "roc_auc": 0.9950842696629213,
        "precision": 0.9649664992461082,
        "recall": 0.9635036496350365,
        "f1_score": 0.963743798780295,
        "confusion_matrix": [
            [
                85,
                4
            ],
            [
                1,
                47
            ]
        ],
        "classification_report": {
            "0": {
                "precision": 0.9883720930232558,
                "recall": 0.9550561797752809,
                "f1-score": 0.9714285714285714,
                "support": 89.0
            },
            "1": {
                "precision": 0.9215686274509803,
                "recall": 0.9791666666666666,
                "f1-score": 0.9494949494949495,
                "support": 48.0
            },
            "accuracy": 0.9635036496350365,
            "macro avg": {
                "precision": 0.954970360237118,
                "recall": 0.9671114232209738,
                "f1-score": 0.9604617604617605,
                "support": 137.0
            },
            "weighted avg": {
                "precision": 0.9649664992461082,
                "recall": 0.9635036496350365,
                "f1-score": 0.963743798780295,
                "support": 137.0
            }
        }
    },
    "svm": {
        "accuracy": 0.9635036496350365,
        "roc_auc": 0.9866573033707866,
        "precision": 0.9649664992461082,
        "recall": 0.9635036496350365,
        "f1_score": 0.963743798780295,
        "confusion_matrix": [
            [
                85,
                4
            ],
            [
                1,
                47
            ]
        ],
        "classification_report": {
            "0": {
                "precision": 0.9883720930232558,
                "recall": 0.9550561797752809,
                "f1-score": 0.9714285714285714,
                "support": 89.0
            },
            "1": {
                "precision": 0.9215686274509803,
                "recall": 0.9791666666666666,
                "f1-score": 0.9494949494949495,
                "support": 48.0
            },
            "accuracy": 0.9635036496350365,
            "macro avg": {
                "precision": 0.954970360237118,
                "recall": 0.9671114232209738,
                "f1-score": 0.9604617604617605,
                "support": 137.0
            },
            "weighted avg": {
                "precision": 0.9649664992461082,
                "recall": 0.9635036496350365,
                "f1-score": 0.963743798780295,
                "support": 137.0
            }
        }
    },
    "random_forest": {
        "accuracy": 0.9562043795620438,
        "roc_auc": 0.9927434456928839,
        "precision": 0.9586682960663211,
        "recall": 0.9562043795620438,
        "f1_score": 0.9565768940347343,
        "confusion_matrix": [
            [
                84,
                5
            ],
            [
                1,
                47
            ]
        ],
        "classification_report": {
            "0": {
                "precision": 0.9882352941176471,
                "recall": 0.9438202247191011,
                "f1-score": 0.9655172413793104,
                "support": 89.0
            },
            "1": {
                "precision": 0.9038461538461539,
                "recall": 0.9791666666666666,
                "f1-score": 0.94,
                "support": 48.0
            },
            "accuracy": 0.9562043795620438,
            "macro avg": {
                "precision": 0.9460407239819004,
                "recall": 0.9614934456928839,
                "f1-score": 0.9527586206896552,
                "support": 137.0
            },
            "weighted avg": {
                "precision": 0.9586682960663211,
                "recall": 0.9562043795620438,
                "f1-score": 0.9565768940347343,
                "support": 137.0
            }
        }
    }
}